Original_ProjectID,Original_Class,PromisePlus_ProjectID,PromisePlus_Class,RequirementText
1,PE,1,PE,The system shall refresh the display every 60 seconds.
1,F,1,F,The system shall provide a history report of changes made to the Activity or Event data
1,F,1,F,The system shall provide charts for the Activity or Event actual versus assumed time.
1,F,1,F,The system shall offer the ability to pause and resume the refresh of data.
1,F,1,F,The system shall display the local and exercise time in separate clocks
1,F,1,F,The system shall filter data by: Venues and Key Events.
1,F,1,F,The system shall offer a display of all the Events in the exercise.
1,F,1,F,The system shall allow modification of the display.
1,F,1,F,The system shall link Events back to either the Sync Matrix 1.0 or the Exercise Managment Tool 1.0 applications for modifications.
1,F,1,F,The system shall display data from the Sync Matrix 1.0 and Exercise Management Tool 1.0 applications
1,F,1,F,The system shall color code events according to their variance from current time.
1,F,1,F,The bottom 3/4 of the table will hold events that occur according to its relevance to current time.
1,F,1,F,The top 1/4 of the table will hold events that are to occur sequentially.
1,F,1,F,The table side of the display shall be split into 2 regions: sequential and temporal.
1,F,1,F,The system shall allow a user to define the time segments
1,F,1,F,The display shall have two regions:  left 2/3 of the display is graphical  right 1/3 of the display is a data table
1,F,1,F,The data displayed in both the nodes within the graph and the rows in the table are MSEL Summary data
1,LF,1,LF,The application shall match the color of the schema set forth by Department of Homeland Security
1,US,1,US,If projected  the data must be readable.  On a 10x10 projection screen  90% of viewers must be able to read Event / Activity data from a viewing distance of 30
1,US,1,US,If projected  the data must be understandable. On a 10x10 projection screen  90% of viewers must be able to determine that Events or Activities are occuring in current time from a viewing distance of 100
1,SE,1,SE,The product shall ensure that it can only be accessed by authorized users.  The product will be able to distinguish between authorized and unauthorized users in all access attempts
1,A,1,A,The product shall be available during normal business hours. As long as the user has access to the client PC  the system will be available 99% of the time during the first six months of operation.
1,PE,1,PE,The product shall respond fast to keep up-to-date data in the display.
1,F,1,F,The system shall have a MDI form that allows for the viewing of the graph and the data table.
1,F,1,F,The system shall display Events in a vertical table by time.
1,F,1,F,The system shall display the Events in a graph by time.
1,F,1,F,The system shall display Events or Activities.
2,SC,2,SC,The product shall be capable of handling the existing 1000 users. This number is expected to grow 5 times within the next year.
2,F,2,F,The system shall allow a real estate agent to query MLS information
2,US,2,US,The product shall be installed by an untrained realtor without recourse to separately-printed instructions.
2,US,2,US,90% of untrained realtors shall be able to install the product on their device without printed instructions
2,SE,2,SE,Only registered realtors shall be able to access the system.
2,SE,2,SE,Every user of the system shall be authenticated and authorized.
2,SE,2,SE,The product shall prevent its data from incorrect data being introduced.
2,F,2,F,The user shall be able to get driving directions to a selected property
2,F,2,F,The realtor shall be able to retrieve a map showing property locations for a specified area
2,F,2,F,The system shall display clear property images in the search results
2,F,2,F,The system shall update or create new property listings in the MLS
2,F,2,F,Realtor shall be able to generate a CMA report based on property criteria
2,F,2,F,The system shall be able to call the seller or buyer to schedule an appointment
2,F,2,F,The realtor shall be notified of new client appointments after automatic synchronization with office system
2,F,2,F,The system shall notify the realtor when a seller or buyer responds to an appointment request
2,F,2,F,The product shall allow the user to save the property search results.
2,SC,2,SC,The product shall be able support 1000 simultaneous users.
2,F,2,F,The user shall be able to download appointments and contact information for clients
2,SC,2,SC,The product shall be able to support multiple remote users
2,PO,2,PO,The product is expected to run on Windows CE and Palm operating systems.
2,FT,2,FT,The product shall retain user preferences in the event of a failure.
2,FT,2,FT,100% of saved user preferences shall be restored when system comes back online.
2,LF,2,LF,The look and feel of the system shall conform to the user interface standards of the smart device.
2,LF,2,LF,The system shall have a professional appearance
2,LF,2,LF,The product shall have a consistent color scheme and fonts.
2,US,2,US,The system shall be used by realtors with no training.
2,US,2,US,The system shall be intuitive and self explanatory.
2,US,2,US,The product shall be easy for a realtor to learn.
2,US,2,US,The product shall use symbols and words that are naturally understandable by the realtor community.
2,PE,2,PE,The product shall produce search results in an acceptable time
2,LF,2,LF,The user interface shall have standard menus buttons for navigation
2,PE,2,PE,The product shall generate a CMA report in an acceptable time.
2,PE,2,PE,The CMA report shall be returned no later 60 seconds after the user has entered the CMA report criteria.
2,PE,2,PE,The product shall synchronize contacts and appointments in an acceptable time.
2,PE,2,PE,The product shall synchronize with the office system every hour.
2,A,2,A,The product shall be available for use 24 hours per day 365 days  per year
2,A,2,A,Out of 1000 accesses to the system the system is available 999 times.
2,FT,2,FT,The product shall operate in offline mode whenever internet connection is unavailable.
2,PE,2,PE,The search results shall be returned no later 30 seconds  after the user has entered the search criteria
2,FT,2,FT,The product shall allow the user to view previously downloaded search results CMA reports  and appointments.
3,F,3,F,The system shall allow a Program Administrator or Nursing staff member to remove a student from a clinical lab section.
3,F,3,F,Program Administrators and Nursing Staff Members shall be able to add a student who has registered for a clinical class to a clinical lab section for that class.
3,F,3,F,A clinical lab section shall include the clinical site name  the class  instructor  day and time of the lab.
3,F,3,F,Program Administrators and Nursing Staff Members shall be able to add a new clinical lab section for an existing clinical class into the System.
3,F,3,F,Clinical site information shall include (but not be limited to) the name of the site  contact person  and contact information.
3,F,3,F,Program Administrators and Nursing Staff Members shall be able to add a new clinical site into the system.
3,F,3,F,Classes for a given cohort shall not conflict with regards to the time and day that they are offered.
3,F,3,F,Program Administrators/Nursing Staff Members shall be able to create a new Program of Study.
3,F,3,F,Program Administrators and Nursing Staff Members shall have the ability to specify which classes are required for a Program of Study
3,F,3,F,A Program of Study shall consist of a program name and listing of required classes (both clinical and non-clinical) that must be completed.
3,F,3,F,A clinical class shall specify the course name  lecture room requirements  clinical site needs  lecture instructor needs  and clinical lab instructor needs.
3,F,3,F,A non-clinical class shall specify the course name  lecture room requirements  and instructor needs.
3,F,3,F,A class shall be either a non-clinical class or a clinical class.
3,F,3,F,Program Administrators and Nursing Staff Members shall be able to add new classes for the nursing department into the system.
3,F,3,F,The system shall allow a Program Administrator/Nursing Staff Member to move a student from one clinical lab section to another clinical lab section corresponding to the same clinical class.
3,F,3,F,Program Administrators and Nursing Staff Members shall be able to add a new cohort to the system  identified by start month and year.
3,F,3,F,Program Administrators/Nursing Staff Members shall be able to cancel a clinical lab section only if there are no students registered for that clinical lab section.
3,F,3,F,The system will notify affected parties for routine communication purposes  including but not limited to informing students of upcoming offered classes (timeline) and what their schedule will be/shall be.
3,F,3,F,A staff member shall have the ability to manage the progress of a part time student  which includes modifying their sequence of classes and timeline of classes.
3,F,3,F,Program Administrators and Nursing Staff Members shall be able to add clinical classes or sections to a sequence of classes
3,F,3,F,Program Administrators/Nursing Staff Members shall have the ability to modify information relating to a Nursing Student  including student ID  student name phone number e-mail status (full time or part time) and program of study.
3,F,3,F,Program Administrators/Nursing Staff Members shall have the ability to modify information relating to a Clinical Lab Section  including the clinical site name the department/section for the lab  the class instructor day and time of lab and contact information.
3,F,3,F,Program Administrators/Nursing Staff Members shall have the ability to modify information relating to a Clinical Site  including the clinical site name  site contact person  contact information  and address.
3,F,3,F,Program Administrators/Nursing Staff Members shall have the ability to modify information relating to a Program of Study within the Nursing Department including the Program of study name  and required classes for that Program of Study.
3,F,3,F,Program Administrators/Nursing Staff Members shall have the ability to modify information relating to cohorts including cohort identifier  program of study  preferred sequence of classes and quarters that a cohort will be taking specific classes.
3,F,3,F,The system will notify affected parties when changes occur affecting classes  including but not limited to class cancellations  class section detail changes  and changes to class offerings for a given quarter.
3,F,3,F,The system will notify affected parties when changes occur affecting clinicals  including but not limited to clinical section capacity changes  and clinical section cancellations.
3,F,3,F,The system will use the stored e-mail addresses as a primary means of communicating information to affected parties.
3,F,3,F,The system shall contain contact information (e-mail and phone number) for all people relevant to the system  including (but not limited to) staff members  students  lecture instructors  clinical lab instructors  and clinical site administrators.
3,F,3,F,The system shall be able to display a printable summary of the system log.
3,F,3,F,The system shall be able to display a printable summary for individual nursing students  which will include (but not be limited to) student name  student ID  admission date  classes  credits  GPA  and the cohort that the student is enrolled in.
3,F,3,F,The system shall be able to display a printable summary for individual clinical labs  which will include (but not be limited to) class name  class number  lab section  listing of students enrolled  instructor  day(s)  time  and location.
3,F,3,F,The system shall be able to display a printable summary for individual clinical sites  which will include information on labs being held at that site for the given quarter (Clinical site  general information on labs held at that location  dates and times of all labs held there).
3,F,3,F,The system shall be able to display a printable summary for individual cohorts  which will include the students enlisted  the Program of study  sequence of classes  cohort progress through the program  and timeline of completion.
3,F,3,F,A Program Administrator/Nursing Staff Member shall be able to add a new nursing student to the system.
3,F,3,F,Program Administrators and Nursing Staff Members shall be able to add new classes to a sequence of classes
3,F,3,F,The report of needed classes shall include (but not be limited to) classes to be offered  number of sections needed  number of labs needed  and room types needed.
3,F,3,F,Program Administrators and Nursing Staff Members shall be able to specify the preferred sequence of classes for a given cohort.
3,O,3,O,The system shall able to operate within a business office environment typical of the Nursing Department at DePaul University.
3,SC,3,SC,The system shall be expected to manage the nursing program curriculum and class/clinical scheduling for a minimum of 5 years.
3,SC,3,SC,The system shall be capable of processing 100% of nursing students and their classes for the next 10 years.
3,SC,3,SC,The system shall cater to 10 simultaneous users from 9am to 5pm.
3,SC,3,SC,system shall be able to handle all of the user requests/usage during business hours.
3,A,3,A,The system shall achieve 95% up time.
3,A,3,A,The system shall be available for use between the hours of 8am and 6pm.
3,PE,3,PE,The response time of general student management tasks shall take no longer than 5 seconds and the response time of schedule generation shall take no longer than 30 seconds.
3,PE,3,PE,Staff members shall be able to complete a set of tasks in a timely manner.
3,US,3,US,The verbiage used within the system shall be consistent with Standard English and the terminology of the national Nursing Community.
3,F,3,F,For each class within a sequence for a cohort  Program Administrators and Nursing Staff Members shall be able to specify which quarter that class will be offered.
3,F,3,F,For each class within a sequence for a cohort  Program Administrators and Nursing Staff Members shall be able to specify which quarter that class will be offered.
3,US,3,US,2 out of 3 Program Administrators/Nursing Staff Members shall successfully be able to use the system to manage the scheduling of classes and clinicals.
3,US,3,US,The system shall be intuitive to the Program Administrators/Nursing Staff Members.
3,US,3,US,The number of mistakes noted by the students shall be decreased by 50% in the first year.
3,US,3,US,The system shall help the user avoid making mistakes while scheduling classes and clinicals for the nursing students.
3,US,3,US,All of the users shall be able to use the system after one day of training.
3,US,3,US,The system shall be easy to use by the Program Administrators/Nursing Staff Members.
3,O,3,O,The system shall be used within the specifications defined by the computers used by the Program Administrators/Nursing Staff Members.
3,O,3,O,The system shall operate within the Windows XP Professional operating system.
3,US,3,US,The system shall use symbols and words that are naturally understandable by the user community.
3,O,3,O,The system shall interface with the faculty central server.
3,F,3,F,Program Administrators and Nursing Staff Members shall be able to add a single student to a cohort
3,F,3,F,Program Administrators and Nursing Staff Members shall be able to add a listing of students to a cohort.
3,SE,3,SE,The system shall be built such that it is as secure as possible from malicious interference.
3,SE,3,SE,The system shall have basic data integrity checking to reduce the possibility of incorrect or invalid data being introduced.
3,F,3,F,A cohort shall be associated to one Program of Study offered by the department.
3,SE,3,SE,Only authorized users shall have access to the portion of the system that interfaces with CampusConnect.
3,SE,3,SE,Program Administrators/Nursing Staff Members are the only people who shall have access to clinical site details.
3,SE,3,SE,Only authorized users shall have access to clinical site information.
3,O,3,O,We must be able to interface with any HTML browser.
3,SE,3,SE,Fit Criterion: Dr Susan Poslusny and Karen Sysol are the only people who shall have access to the final class section scheduling for the system that interfaces with CampusConnect.
3,O,3,O,The system shall interface with the student master server.
4,L,4,L,All actions that modify an existing dispute case must be recorded in the case history.
4,F,4,F,The Disputes System will provide the user the ability to create or initiate a ticket retrieval request.   As part of ticket retrieval creation process the system must prompt the user to enter all the required information to create the ticket retrieval request.  The ticket retrieval request is a document that is sent to merchant inquiring the validity of a transaction.
4,F,4,F,The Disputes System must provide the user the ability to initiate a single dispute case on multiple transactions that belong to a single merchant.
4,F,4,F,The Disputes System must allow the users to select disputable transactions (based on the age of the transaction) from a user interface and initiate a dispute (ticket retrieval request or chargeback notification) on the selected transaction.
4,F,4,F,The Disputes System shall provide update access capability for authorized users of the application.
4,F,4,F,The Disputes System must prevent users from accessing any dispute cases that do not belong to their cardholder base.
4,F,4,F,The Disputes System must provide different levels of access with regard to disputes case initiation and follow-up actions.
4,F,4,F,The Disputes System will facilitate direct data entry of a dispute case via a user interface that supports real time responses to the users.
4,F,4,F,The Disputes System must be accessible by both internal and external users.
4,F,4,F,The Disputes System must allow the user to create three unique types of ticket retrieval requests.  The three types of ticket retrieval requests are (1) Request for original receipt (2) Request for a copy of the receipt or (3) Request for a portfolio. A portfolio consists of documentation that would provide proof of a purchase such as the documentation that is received from a car rental agency that is more than a sales receipt.
4,F,4,F,The Disputes System shall provide view access capability for authorized users of the application.
4,F,4,F,The Disputes System must prevent external users from requesting original receipts. Requests for original receipts are restricted to internal users.
4,F,4,F,The Disputes System shall provide the users the ability to view the history of all activities that have occurred on the dispute case.
4,F,4,F,The Disputes System shall allow the user to create or initiate a chargeback request.  The system must prompt the user to enter the required information to initiate a chargeback request. The chargeback request results in a printed chargeback notification that is sent to merchant indicating that their account will be charged back if no proof is provided that the disputed transaction is valid.
4,F,4,F,The Disputes System must provide a confirmation to the user upon the creation of a chargeback request. The confirmation must contain the following information; the dispute case number  the type of chargeback requested (pending or immediate)  and the date that the merchant response is due.
4,F,4,F,The Disputes System shall prevent the creation of duplicate dispute requests 100% of the time.
4,F,4,F,The Disputes System shall accurately provide a list of possible reason codes for a given transaction.  The list of possible reason codes must be derived based on the type of transaction and the industry that the merchant belongs to  according to the business rules defined for the Disputes System.
4,F,4,F,The Disputes System must provide the ability to view existing dispute cases.
4,F,4,F,The Disputes System must provide Search functionality.  The search method must include the ability to search by (1) the dispute case number  (2) the merchant account number  (3) the cardmember account number and (4) the issuer number.  In addition to the above criteria  the search functionality must further allow the user to limit the results of the search by a date range  the type of dispute (ticket retrieval request or chargeback notification)  the case status (open  closed or all) and the dispute reason code.
4,F,4,F,A list of all disputes cases that meet the entered search criteria must be provided to the user.  The list of cases must differentiate the type and/or status of the case by color -coding the line item in the list.  For example all open cases will be yellow and all closed cases will be gray.
4,F,4,F,The Dispute System shall provide the users with the ability to follow up on a dispute case via follow-up actions.  The list of available follow up actions for a given dispute case must be filtered by the status of the case and the access level of the user.
4,F,4,F,The Disputes System shall record the name of the user and the date for any activity that creates or modifies the disputes case in the system.  A detailed history of the actions taken on the case  including the date and the user that performed the action must be maintained for auditing purposes.
4,F,4,F,For any systematic (non-user initiated) action that occurs on a case such as the disputes aging process  a case activity will be generated.  Upon the next logon the user that initiated the dispute case must be notified that a systematic action has occurred on the dispute case.
4,F,4,F,All letter requests must be formatted according to guidelines specified by the Print Letter Utility system.
4,F,4,F,Any disputes cases that have been closed for over 6 months must be purged from the online disputes database.
4,F,4,F,The Disputes System must provide a confirmation to the user upon the creation of ticket retrieval request that contains the following information; the dispute case number  the type of retrieval requested (copy  original or portfolio)  and the date that the merchant response is due.
4,L,4,L,The Disputes application must maintain a detailed history of every action that a user takes on a dispute case.  This ensures a complete audit trail if questions arise later on with regard to a particular dispute case.
4,L,4,L,All business rules specified in the Disputes System shall be in compliance with the Merchant Operating Regulations.
4,L,4,L,The Disputes application must conform to the legal requirements as specified by Regulation E and Regulation Z that govern credit card disputes processing.
4,L,4,L,All business rules specified in the Disputes System shall be in compliance to the guidelines of Regulation E and Regulation Z.
4,LF,4,LF,The Disputes application shall comply with the corporate standards for user interface creation for internally and externally used applications.
4,LF,4,LF,All screens created as part of the Disputes application must comply with corporate standards for interface creation.
4,US,4,US,The list of dispute cases that are displayed after a search is performed must be color coded for easy identification of dispute cases based upon the dispute case status.
4,US,4,US,100% of the cardmember and merchant services representatives shall use the Disputes application regularly after a 2-day training course.
4,US,4,US,100% of merchant services representatives shall be able to successfully perform a follow up action on a dispute case on the first encounter after completing the training course.
4,PE,4,PE,The maximum wait time for a user navigating from one screen to another within the Disputes application shall be no more than 5 seconds.
4,PE,4,PE,The Disputes application shall support 350 concurrent users without any degradation of performance in the application.
4,O,4,O,The Disputes application shall interface with the Statement Database. The Statement Database provides the transaction details to the Disputes System. All transaction details must be obtained from the Statement Database
4,O,4,O,The Disputes application shall interface with the Cardmember Information Database. The Cardmember Information Database provides detailed information with regard to a cardmember. All cardmember detail information must be obtained from the Cardmember Information Database.
4,O,4,O,The Disputes applications shall interface with the Merchant Information Database. The Merchant Information Database provides detailed information with regard to the merchant. All merchant detail information shall be obtained from the Merchant Information Database.
4,US,4,US,100% of cardmember services representatives shall be able to successfully create a dispute case on the first encounter after completing the training course.
4,L,4,L,The Disputes application must conform to the legal requirements as specified by the Merchant Operating Regulations.
4,O,4,O,The Disputes application shall interface with the Letters application.  This will allow the Disputes application to request letters as part of the dispute initiation and dispute follow up process. All letter requests must be sent to the Print Letter Utility application.
4,SE,4,SE,All updates to data files or database must be initiated from the Disputes System.
4,SE,4,SE,The Disputes application shall manipulate and view business data. Users will not have direct access to data files or databases.
4,SE,4,SE,If a user account is revoked  it can only be re-instantiated by the System Administrator.
4,SE,4,SE,Only the System Administrator shall be able to reset a revoked user logon account
4,SE,4,SE,All authorized users  once authenticated must be able to logon to the Disputes System
4,SE,4,SE,The Disputes application shall ensure that only authorized users are allowed to logon to the application.
4,SE,4,SE,Only users with Update access must be able to initiate dispute requests.
4,SE,4,SE,The Disputes application shall ensure that only users with the appropriate access level are allowed to initiate dispute requests.
5,F,5,F,The estimator shall apply selected recycled parts to the collision estimate.
5,F,5,F,The estimator shall search for available recycled parts using a list of preferred parts suppliers.
5,F,5,F,The available recycled parts information and their suppliers shall be returned to the user.
5,F,5,F,The system shall retain the available recycled parts and suppliers returned from the search.
5,F,5,F,The estimator shall search by zipcode with a radius of 30 miles if no parts are found for the preferred parts suppliers
5,F,5,F,The system shall search for available recycled parts for the supplied vehicle parts and suppliers.
5,F,5,F,The estimator shall search for available recycled parts using damaged vehicle parts information.
5,F,5,F,The search radius shall be between 1 and 30 miles
5,F,5,F,The preferred repair facility shall be returned to the user.
5,F,5,F,The adjuster shall be able to override the preferred repair facitlity on the estimate assignment.
5,F,5,F,The adjuster shall enter the preferred repair facility on the estimate assignment.
5,F,5,F,The system shall locate the preferred repair facility with the highest ratings for the input criteria
5,F,5,F,The system shall resolve the zipcode for the street address  city  and state if zipcode is unknown.
5,F,5,F,The vehicle location shall include street address city state and zipcode
5,F,5,F,The estimator shall not apply recycled parts to the collision estimate if no available parts are returned.
5,F,5,F,The system shall return a list of repair facilities within the radius if the preferred repair facility cannot be determined.
5,F,5,F,The adjuster shall review the collision estimate.
5,F,5,F,The user shall enter new ratings based on the audit report
5,F,5,F,The recycled parts search results provided to the estimator shall be retrieved by the system.
5,F,5,F,The vehicle data shall include vehicle year make and model
5,F,5,F,The preferred repair facility ratings shall be saved by the system.
5,F,5,F,The user shall select to save the preferred repair facility ratings.
5,F,5,F,The ratings shall include categories for attempted use of recycled parts and actual use of recycled parts
5,F,5,F,The ratings shall be from a scale of 1-10
5,F,5,F,The system will display a blank set of ratings if there are not ratings yet defined.
5,F,5,F,The current repair facility ratings shall be displayed to the user.
5,F,5,F,The user shall select to view the preferred repair facility ratings.
5,F,5,F,The audit report shall be available to other adjusters at later points in time.
5,F,5,F,The audit report shall be displayed to the user.
5,F,5,F,The audit report shall include the total score of the audit which sums the indivual line items.
5,F,5,F,The audit report shall include the percentage of available recycled parts used in the estimate 
5,F,5,F,The audit report shall include the number of available recycled parts from the original search results.
5,F,5,F,The audit report shall include the total number of recycled parts used in the estimate.
5,F,5,F,The system shall generate an audit report based on the available recycled parts and the collision estimate.
5,F,5,F,The adjuster shall request a recycled parts audit of the collision estimate.
5,F,5,F,The user shall search for the preferred repair facility using vehicle  vehicle location  and radius in miles
5,LF,5,LF,The product shall comply with corporate color scheme
5,L,5,L,The product shall comply with the estimatics laws relating to recycled parts usage.
5,PE,5,PE,The recycled parts audit report shall be returned to the user within 10 seconds.  The audit report shall be returned within 10 seconds.
5,PE,5,PE,The search for the preferred repair facility shall take no longer than 8 seconds.  The preferred repair facility is returned within 8 seconds
5,PE,5,PE,The search for recycled parts shall take no longer than 15 seconds.  The search results shall be returned in under 15 seconds.
5,US,5,US,The user shall easily locate instructions while using the product.  User help can be found within 90% of the system.
5,US,5,US,The product shall be easy to learn by Adjusters and Collision Estimators.  The product shall be learned with two days onsite training
5,US,5,US,Users shall feel satisfied using the product.  85% of all users will be satisfied with the product.
5,US,5,US,The product shall increase productivity of Collision Estimators. 80% of the Collision Estimators shall agree their productivity has increase within 1 month of using the product.
5,US,5,US,The product shall be easy to use by Adjusters and Collision Estimators.  95% of Adjusters and Collision Estimators shall find the product easy to use.
5,LF,5,LF,The appearance of the product shall appear professional
5,LF,5,LF,The product shall comply with corporate User Interface Guidelines
5,O,5,O,The product shall adhere to the corporate Architecture guidelines
5,O,5,O,The product shall run on the existing hardware for all environments.
5,O,5,O,The product shall interface with the Choice Parts System.  This provides the feed of recycled parts data.
5,O,5,O,The product must support Mozilla Firefox 1.0 and above.
5,L,5,L,The product shall comply with insurance regulations regarding claims processing.
5,PE,5,PE,The preferred repair facility ratings shall be saved within 5 seconds. The save shall occur within 5 seconds.
5,A,5,A,The product shall adhere to the corporate online availability schedule.  The application is brought down only within 98% of the scheduled outages per the availability schedule.
5,O,5,O,The product must support Internet Explorer 5.5 and above.
5,SC,5,SC,The product shall be able to handle up to 1500 simultaneous users. The system shall perform with 1500 users as a time.
5,A,5,A,The product shall achieve a 98% uptime. The product shall not fail more than 2% of the available online time.
5,L,5,L,The product must comply with Sarbanes-Oxley.
5,SE,5,SE,The system shall prevent malicious attacks including denial of service.
5,SE,5,SE,The product shall free of computer viruses.
5,SE,5,SE,One insurance company shall not be able to view another insurance companys claim data.
5,SE,5,SE,Only valid data shall be entered into the system. No invalid data shall be entered into the system.
5,SE,5,SE,Only adjusters with a supervisor role can update preferred repair facility ratings. Users without the supervisor role cannot access the repair facility ratings.
5,SE,5,SE,Only collision estimators shall search for recycled parts.  Users without the collision estimator role shall not have access to the search for recycled parts.
5,O,5,O,Product installations and upgrades shall be handled by the middleware technology team within established launch time frames.
5,O,5,O,The product shall be supported using the corporate support center.
5,O,5,O,The maintenance of the product will fall within the established corporate maintenance windows.
5,O,5,O,The product shall interface with the ChoiceParts system once per day at approximately 1:00 AM.
5,O,5,O,For estimators  the product shall be able to be operated in a repair facility during dirty and noisy conditions.
5,SC,5,SC,The product shall be able to handle 10 000 concurrent users within 2 years of the initial launch.
5,SC,5,SC,The average number of recycled parts records per day shall be 50 000.
5,SE,5,SE,Only adjusters can request recycled parts audit reports. No users without an adjuster role shall request recycled parts audits.
6,F,6,F,The product shall update existing conference rooms.
6,F,6,F,The product will notify employees of meeting invitations.
6,F,6,F,The product will record meeting acknowledgements.
6,F,6,F,The product shall assign the organizers contact information to each meeting they create.
6,F,6,F,The product shall have the ability to send meeting reminders to employees.
6,F,6,F,The product shall record meeting entries.
6,SC,6,SC,The language of the product shall accommodate all of the target market countries. 90% of survey respondents from each target market country will find that the language of the product is acceptable.
6,SE,6,SE,The product shall have the ability to receive automatic software updates as new threats emerge. 100% of customers will be able to receive automatic software updates transmitted to the installed product.
6,FT,6,FT,The product and/or dependent databases/filesystems shall remain operational as a result of the input of malicious data.  The product and/or dependent databases/filesystems shall not crash 100% of the time that malicious data is input into the product.
6,F,6,F,The product will be able to delete conference rooms.
6,SE,6,SE,Only managers are able to perform search queries for reservations by user.  100% of all search queries for reservations by user shall be from logons of only management logons.
6,O,6,O,The product must be developed with the J2SE/J2EE programming language libraries
6,F,6,F,The product shall be able to store new room equipment.
6,F,6,F,The product shall send a meeting confirmation to the meeting organizer.
6,F,6,F,The product shall be able to delete room equipment.
6,F,6,F,The product will display an available status for unreserved conference rooms.
6,SE,6,SE,The product shall ensure that only company employees or external users with company-approved user IDs may have product access.  100% of all logons shall be by either company employees or external users with company-approved user IDs.
6,F,6,F,The product shall have an intuitive user interface.
6,F,6,F,The product shall have a customizable Look and Feel.
6,F,6,F,The product shall be able to send meeting notifications via different kinds of end-user specified methods.
6,F,6,F,The product will allow priviledged users to view meeting schedules in multiple reporting views.
6,F,6,F,The product shall notify building personnel of equipment transport requests.
6,F,6,F,The product will update existing room equipment.
6,F,6,F,The product shall record all the equipment that has been reserved.
6,F,6,F,The product shall display conference rooms according to search parameters.
6,F,6,F,The product shall display room equipment according to search parameters.
6,F,6,F,The product shall record updated meeting agendas.
6,F,6,F,The product shall display a map of the company building showing conference room locations.
6,F,6,F,The product shall record the transportation status of equipment reserved.
6,F,6,F, Each time a conference room is reserved  the conference room schedule shall be updated to reflect the time and date of the reservation.
6,F,6,F,The product shall allow an organizer to invite other employees to meetings.
6,F,6,F,The product shall record different meeting types.
6,O,6,O,The product shall be able to be installed in any operating environment within 2 days.
6,F,6,F,The product shall store new conference rooms.
6,US,6,US,The product shall allow for intuitive searching of available conference rooms.
6,US,6,US,The product shall use a standard navigation menu familiar to most web users.
6,US,6,US,The product shall allow for customization of start page and views preferences.
6,US,6,US,The product shall allow the user to select a chosen language from one of the target market countries.
6,US,6,US,The product shall give users feedback when necessary. 80% of the users surveyed report that the product accurately confirms their actions.
6,US,6,US,The product shall be easy to use. 90% of users will be able to successfully reserve a conference room within 5 minutes of product use.
6,US,6,US,The product shall make the users want to use it. 80% of the users surveyed report they are regularly using the product after the first 2 weeks post-launch.
6,LF,6,LF,The product shall have a conservative and professional appearance.
6,O,6,O,A database management system such as Oracle  DB2  MySql or HSQL will need to be integrated with the product.
6,O,6,O,The product must make use of web/application server technology.  Open source examples include Apache web server  Tomcat  and the JBoss application server.
6,O,6,O,The product will require collaboration with a database management system (DBMS).  The DBMS may be located on the same machine as the product or on a separate machine residing on the same computer network.
6,O,6,O,The product will function alongside server software on any operating system where the Java runtime can be installed.
6,O,6,O,The product must work with most database management systems (DBMS) on the market  whether the DBMS is colocated with the product on the same machine or is located on a different machine on the computer network.
6,O,6,O,The product is expected to integrate with multiple database management systems. The product will operate with Oracle  SQL Server  DB2  MySQL  HSQL  and MS Access.
6,US,6,US,The product shall conform to the Americans with Disabilities Act.
6,US,6,US,An employee will be able to successfully use the product within a few minutes.  After informally navigating the product for less than 15 minutes  users shall be able to successfully setup meetings and reserve conference rooms.
6,FT,6,FT,The product shall create an exception log of problems encountered within the product for transmission to our company for analysis and resolution.
6,MN,6,MN,Maintenance releases will be offered to customers once a year.  The releases shall take no longer than 5 minutes for 80% of the customer base to install.
6,A,6,A,Aside from server failure  the software product shall achieve 99.99% up time.
6,MN,6,MN,The product must be designed using Design Patterns and coding best practices.  90% of maintenance software developers are able to integrate new functionality into the product with 2 working days.
6,US,6,US,A new user must be able to be added to the system within 10 minutes. 90% of new users are able to log into the system within 10 minutes.
6,O,6,O,The product will be available for licensing as a one-server  two-five servers  or five-or-more servers license.
6,O,6,O,The product shall be available for distribution as a packaged CD.
6,O,6,O,The product must be able to interface with various email servers. The product shall be able to send email.
6,O,6,O,The product must be able to interface with various database management systems. The product shall communicate successfully with the database management system on 100% of all transactions.
6,O,6,O,The product must be able to interface with any HTML browser.  The product shall transmit data between the user and the product without problems. The product shall display HTML properly in 80% of all HTML browsers tested (minimum is to test 8 browsers).
6,O,6,O,The product shall be used in office environments.
6,SC,6,SC,The product shall be expected to operate for at least 5 years for each customer installation.
6,SC,6,SC,The product shall be able to process 10 000 transactions per hour within two years of its launch.  This number will increase to 20 000 by Release 2.
6,SC,6,SC,The product shall be capable of handling up to 1 000 concurrent requests.  This number will increase to 2 000 by Release 2.  The concurrency capacity must be able to handle peak scheduling times such as early morning and late afternoon hours.
6,O,6,O,The product shall be available for distribution via the Internet as a binary or ZIP file.
7,F,7,F,Product formula ingredients shall allow defining substitutionary ingredients.
7,F,7,F,Product formula substitutionary ingredients shall be entered automatically by the PFE subsystem.
7,F,7,F,Product shall allow entering  storing and modifying product menus used by POS terminals.
7,F,7,F,PME Subsystem shall allow building product menus based on the list of products kept in the accounting system.
7,F,7,F,The RMS System shall have Windows XP look and feel and use GUI futures making its use intuitive.
7,F,7,F,PME Subsystem shall allow for a product to exist in more than one submenu
7,F,7,F,The System shall generate Inventory Quantity Adjustment document based on product daily sales data and product formulas.
7,F,7,F,The System shall generate Inventory Quantity Adjustment document automatically when daily Product Sales data is available.
7,F,7,F,Product formulas shall allow use of semi-products  which have own formulas.
7,F,7,F,PME Subsystem shall allow keeping submenus within menus and products within submenus in a managed and persisted order.
7,F,7,F,The System shall allow entering  storing and modifying product formulas.
7,F,7,F,Formula substitutionary ingredients shall be kept in persisted order
7,F,7,F,The System shall allow on demand generation of all Inventory Quantity Adjustment documents since certain point of time.
7,F,7,F,The IQA subsystem shall take into account current inventory status and adjust inventory of substitutionary ingredients accordingly.
7,PE,7,PE,The System shall allow for a minimum of  6 users to work at the same time.
7,O,7,O,The System shall utilize currently owned computer equipment.
7,O,7,O,The System shall be able to automatically backup business data and restore them on demand.
7,PE,7,PE,Recreation of Inventory Quantity Adjustment for the period of previous 30 days shall take no more than 30min.
7,SE,7,SE,The System shall granularly control access rights to all major subsystems.  It should be possible to assign access rights to all subsystems independently.
7,L,7,L,The System shall meet all applicable accounting standards.  The final version of the System must successfully pass independent audit performed by a certified auditor.
7,O,7,O,The System shall not require additional third party licenses resulting in royalty fees.
7,F,7,F,The System shall allow generation of Inventory Quantity Adjustment documents on demand.
7,SE,7,SE,The System shall maintain consistent security.  Any changes in user passwords and/or permissions should take affect in all parts of the System.
8,SE,8,SE,Data integrity scripts will be run on a weekly basis to verify the integrity of the database.
8,LF,8,LF,The website should cater to all tribes in Nigeria.
8,SE,8,SE,The streaming server will have anti-virus software to prevent infection of malicious viruses.
8,SE,8,SE,All credit card information will be encrypted in the database.
8,SE,8,SE,All customer information will be stored on a secure database  accessible only to authorized personnel.
8,SE,8,SE,The system shall notify customers of changes to its information policy.
8,SE,8,SE,The website shall make its user aware of its information practices before collection data from them via a Privacy Policy  accessible on all pages of the website.
8,SE,8,SE,The website shall protect itself from intentional abuse  and notify the administrator at all occurrences.
8,SE,8,SE,A customer can only stream a movie if they purchased it  and are within the 2 day viewing period.
8,SE,8,SE,Only authorized personnel can access sales information.
8,SE,8,SE,Only administrators can activate a pre-paid card.
8,SE,8,SE,Only authorized personnel can access customer records in the database.
8,LF,8,LF,The website shall not be offensive to religious or ethnic groups.
8,SE,8,SE,Only registered customers can purchase streaming movies.
8,F,8,SE,Only registered customers can purchase streaming movies.
8,O,8,O,The product shall be able to be installed in the specified environment within 1 working day.
8,A,8,A,Velkat staff will be available for phone support between 7am-7pm  M-F to provide technical support to the Izogn administrators.
8,US,8,US,The website will provide a help section with answers and solutions to common problems.
8,A,8,A,The system will provide a 24 hour 800 toll free number for support to its customers.
8,SE,8,SE,The website shall prevent its data from being corrupted when incorrect data is entered in.
8,LF,8,LF,The website should appeal to all Africans  not only Nigerians.
8,F,8,F,viewing a movie details the website will display the movies description actor and director entered in by the administrator.
8,L,8,L,IzognMovies shall meet the licensing requirements set forth by the appropriate organizations in order to stream African movies.
8,PE,8,PE,Izogn Administrator must be able to add new products to the website within 2 minutes.
8,F,8,F,The owner shall have free access to all of the streaming movies.
8,F,8,F,Daily usage statistics should be logged  and accessible by the administrator.
8,F,8,F,All registered customer information shall be stored and maintained in the database  even after the customer cancels their account.
8,F,8,F,All streaming movie sales will be logged in the database  and accessible by the administrator.
8,F,8,F,Website must be able to support free trial periods with various parameters set by the Izogn Manager.
8,F,8,F,Movies can only be streamed if the customer has purchased a movie  and is within the 2-day time period to stream the movie.
8,F,8,F,Pre-paid cards shall be distributed via email or via a printed paper card.
8,O,8,O,The website should use Flash to provide animation on the home page.
8,F,8,F,Website shall allow customers to purchase pre-paid cards of $5  $10  or $20 value either by credit card or mail-in payment option.
8,F,8,F,Website shall allow the Izogn administrator to approve a review posted by a customer.
8,F,8,F,Website shall allow customers to add their own movie review for a selected movie.
8,F,8,F,Website shall allow customers to view reviews of selected movies by other customers.
8,F,8,F,Website shall allow customers to browse movies by categories entered in by izogn administrator.
8,F,8,F,shall be able to stream purchased movie via Windows Media Player  for up to 2 days aftere purchase date.
8,F,8,F,Website shall request  and authorize credit card payment before allowing a user to stream a movie.
8,F,8,F,The website will allow customers to search for movies by title  actor  or director.
8,L,8,L,The PHP code will comply with PEAR standards.
8,L,8,L,The website will comply with W3C standards.
8,F,8,F,System will allow customers to pay for a streaming movie with a pre-paid card.
8,PE,8,PE,Izogn Administrator must be able to update the category listings on the website within 2 minutes.
8,F,8,F,System shall automatically update the main page of the website every Friday  and show the 4 latest movies that have been added to the website.
8,O,8,O,Movies shall be encoded for 56k and 256k streams.
8,US,8,US,An anonymous survey will show that 95% of customers are comfortable using and purchasing pre-paid cards after a month of using the system.
8,US,8,US,An anonymous survey will show that 70% of customers are comfortable purchasing streaming movies after 2 weeks using the website.
8,US,8,US,Users should only have to navigate through a maximum of 4 pages  to create an account with the website.
8,US,8,US,The product should be able to be used by 90% of novice users on the Internet.
8,LF,8,LF,The website design should be modern  clean  and concise.
8,LF,8,LF,The website should have an African feel  but should not alienate non-Africans.  The website should use animation on pages which are describing the services  to grab the users attention and encourage them to sign up.
8,LF,8,LF,The website shall be attractive to all audiences.  The website shall appear to be fun and the colors should be bright and vibrant.
8,PE,8,PE,System shall let administrators generate unique pre-paid pins in under 2 minutes and generate an Excel file with the generated PINs.
8,US,8,US,The product shall be easy for customers with novice skills on the  Internet to purchase and watch streaming movies.  Customers should be able to purchase and watch a pre-determined movie in under 3 minutes.
8,PE,8,PE,System shall let Izogn Manager access sales and usage statistics in under 2 minutes.
8,MN,8,MN,Promotional updates to the website should take a day to update.
8,PE,8,PE,System shall let administrator add/remove movies on the website in under 5 minutes.  Entered movie information will be stored in the database and will now be available on the website.
8,PE,8,PE,System shall let administrator de-activate a customer account in under 1 minute. Customer will no longer be able to access the website.
8,PE,8,PE,System shall let customers cancel their account  process shall take no longer than 2 minutes.  Database will mark the account as inactive  and user will not be able to log into the website.
8,PE,8,PE,System shall let existing customers log into the website with their email address and password in under 5 seconds.
8,PE,8,PE, Customer shall be able to check the status of their prepaid card  by entering in the PIN number  in under 5 seconds.
8,PE,8,PE,Administrator shall be able to activate a pre-paid card via the Administration section in under 5 seconds.
8,PE,8,PE,System shall let the administrator add/remove categories on the website in under 5 minutes.
8,US,8,US,The product shall use symbols and words that are naturally understandable by users familiar with websites
8,US,8,US,Users should be able to access their streaming movies in under 2 clicks after logging into the website.
8,PE,8,PE,Any interface between a user and the automated system shall have a maximum response time of 5 seconds  unless noted by an exception below.
8,O,8,O,Movies shall be encoded and streamed via Windows Media Player 9.0.
8,O,8,O,Website must be fully operational with MSN TV2.
8,O,8,O,Website must interface with the CyberSource API to process credit card transactions.
8,O,8,O,We must be able to interface with the following browsers: IE 5.X  6.0  Netscape 6.x  7.x  8.x and Firefox 1.0.
8,O,8,O,The same hardware supporting the current website will be used to support the new system.
8,US,8,US,The website will use standard Internet conventions when interacting with the user.
8,MN,8,MN,The product shall be expected to operate within the maximum maintenance budget for a minimum of 2 years.
8,SC,8,SC,The website shall be capable of supporting 100 000 customers.
8,SC,8,SC,The server will support a maximum of 1 000 simultaneous users.
8,SC,8,SC,The streaming server will support a maximum of 700 movies; new servers can be added to support more movies.
8,O,8,O,All aspects of the website shall be accessed by a web browser over the Internet.
8,FT,8,FT,The website shall continue to operate if the payment gateway goes down.
8,FT,8,FT,The website shall continue to operate if the streaming server goes down.
8,A,8,A,All movies shall be streamed on demand  at any time of the day.
8,A,8,A,The website shall achieve 99.5% up time.
8,A,8,A,The website shall be available for use 24 hours per day  365 days per year.
8,SE,8,SE,All credit card information will be secured on the server  and only accessible by authorized Izogn administrators.  Information will be encrypted in the database.
8,PE,8,PE,When purchasing a streaming movie or pre-paid card via credit card  the processing time should have a maximum response time of 15 seconds.
8,SC,8,SC,The streaming server will support 50 simultaneous streaming connections.
9,F,9,F,If the leads score falls within the medium average then it will be set for manual verification by an Enrollment Coordinator through the eleads system.
9,F,9,F,If the leads score falls within the low average then it will be returned to the supplying vendor
9,F,9,F,The leads washing functionality will compile both contact and academic scoring information for a total score.
9,F,9,F,The leads washing functionality will use the parameters supplied by corporate and schools to score part of the lead.
9,F,9,F,The leads washing functionality will return the lead data supplied to the vendor along with the reason of rejection.
9,F,9,F,The leads washing functionality shall receive a period list of available reps from the enterprise system.
9,F,9,F,The leads washing functionality will verify the users authentication and rights to make parameter updates.
9,F,9,F,The leads washing functionality will store any potential lead duplicates returned by the enterprise system.
9,F,9,F,Prior to submitting the lead to the enterprise system the leads washing functionality will assign the lead to an admissions rep.
9,F,9,F,If the leads score falls within the high average score then it will be process by the ARA functionality.
9,F,9,F,The leads washing functionality will have an interface in which lead data parameters can be maintained.
9,F,9,F,The leads washing functionality will insert all leads captured by the web service.
9,PE,9,PE,No lead evaluation will complete in a time period longer than 25 seconds for 97% of all leads processed.
9,F,9,F,If a lead is scored to the high range the system will supply the lead data and score to the enterprise system.
9,F,9,F,Vendor will submit a credit validation record to be applied to the enterprise billing system.
9,F,9,F,The vendor will verify the invalid lead.
9,MN,9,MN,Washing parameters will be updated during scheduled maintenance hours.
9,A,9,A,Defect reports will be available to technical units on a 24x7 basis.
9,O,9,O,The washing process must use a non binding  neutral data format  such as xml  when receiving and processing lead data.
9,O,9,O,The lead washing process will operate within the established physical web service structure.
9,PE,9,PE,The process must fit within the processing time conditions set forth by the Auto Rep Assignment process in which a lead is assigned within 3 minutes of the total life cycle.
9,PE,9,PE,For leads that process longer than 25 seconds the system will record the event and duration
9,PE,9,PE,Total lead cycle time must be completed in 5 minutes for 90% of lead volume between the business hours of 8AM CST to 8PM CST; then 3 minutes for 99% of lead volume during off business hours.
9,F,9,F,The leads washing functionality will validate all leads received by the web service for valid data
10,F,10,F,For each shot  the product shall mark the shot as a hit or miss on the defensive grid of the defensive player.
10,F,10,F,For each shot  the product shall notify the players whether the shot was a hit or miss.
10,F,10,F,For each shot  the product shall examine the defensive grid of the defensive player to determine whether the shot was a hit or miss.
10,F,10,F,For each turn  the product shall allow the offensive player to define a shot.
10,F,10,F,The product shall prevent the player from overlapping ships on their grid.
10,F,10,F,The product shall maintain the status of each player for a turn  either offensive or defensive.
10,F,10,F,For each turn  the product shall identify one player as offensive status and one player as defensive status.
10,F,10,F,When both players have positioned their 5 ships on their defensive grids  the product shall define the status of each player for the first turn.
10,F,10,F,For each shot  the product shall mark the shot as a hit or miss on the offensive grid of the offensive player.
10,F,10,F,The product shall allow the player to position ships diagonally on their grid
10,F,10,F,At the start of each turn  the product shall notify each player of his or her status.
10,F,10,F,When the hit results in sinking a ship  the product shall notify the players that the ship was sunk.
10,F,10,F,If the shot was marked as a miss  the product shall change the status of the offensive player to defensive
10,F,10,F,When the hit results in sinking a ship  the product shall indicate the type of ship sunk on the defensive grid of the defensive player.
10,F,10,F,When the hit results in sinking a ship  the product shall mark the ship as sunk on the offensive grid of the offensive player.
10,F,10,F,If the shot was marked as a hit  the product shall allow the offensive player to define a shot.
10,F,10,F,If the shot was marked as a miss  the product shall change the status of the defensive player to offensive
10,F,10,F,The product shall continue to assign turns until the game is ended.
10,F,10,F,The product shall allow a player to end a game at any time during the game.
10,F,10,F,When a game is ended  the product shall notify the players that the game is ended.
10,F,10,F,The notification of the game ending will include the reason the game is ended (i.e.  a player has won the game or a player has ended the game).
10,F,10,F,When a game is ended  the product shall allow each player to remove himself or herself from the list of players.
10,F,10,F,The product shall allow the player to position ships vertically on their grid.
10,F,10,F,When the hit results in sinking a ship  the product shall mark the ship as sunk on the defensive grid of the defensive player.
10,F,10,F,The product shall allow a player to position ships horizontally on their grid.
10,F,10,F,When a game is ended  the product shall allow each player to identify himself or herself as an available player in the list of players.
10,F,10,F,The product shall prevent a player from viewing the offensive or defensive grids of the other player.
10,F,10,F,Once a game is initiated  the product shall allow each player to position their 5 ships on their respective defensive grids.
10,LF,10,LF,The product shall simulate the look of ships at sea.
10,LF,10,LF,The product shall display the grids within a circle as a view from a periscope.
10,LF,10,LF,The product shall display each type of ship in a grid using an image of the specific type of ship.
10,LF,10,LF,When the offensive player takes a shot  the product shall simulate the sound of a ship at sea.
10,LF,10,LF,When a shot is marked as a miss  the product shall simulate the sound of a shot missing its target.
10,LF,10,LF,When a shot is marked as a hit  the product shall simulate the sound of a shot hitting its target.
10,LF,10,LF,When a ship is sunk  the product shall simulate the sound of a sinking ship.
10,A,10,A,The product shall be available 24 hours per day  seven days per week.
10,PE,10,PE,The product shall able to handle a large number of games simultaneously.
10,PE,10,PE,The product shall protect the identity of the players. The product shall provide players no access to information that might reveal the identity of another player.
10,US,10,US,The product shall be intuitive and self-explanatory.  Nine out ten users shall be able to successfully complete a game with no training.
10,PE,10,PE,The response time shall be fast enough to maintain the flow of the game.  The response time shall be no more than 2 seconds for 95% of responses and no more than 4% for the remaining responses.
10,PE,10,PE,The response time shall be fast enough to maintain the flow of the game.  The response time shall be no more than 2 seconds for 95% of responses and no more than 4% for the remaining responses.
10,SE,10,SE,The product shall provide players no access to information that might reveal the identity of another player
10,F,10,F,Once a game is initiated  the product shall display an offensive grid to each player.
10,F,10,F,Once a game is initiated  the product shall display a defensive grid to each player
10,F,10,F,The product shall allow a player to initiate a game by selecting another available player from the list of players.
10,US,10,US,The product shall be available to players who understand English  Spanish and French.  The product shall allow the user to select the language upon accessing the product.
10,F,10,F,The product shall make inactive players unavailable for selection from the list of players.
10,F,10,F,The product shall remove players who have been inactive for 24 hours from the list of players.
10,F,10,F,Once a game has been initiated  the product shall make the players assigned to the game unavailable for selection from the list of players.
10,F,10,F,The product shall allow a user to identify himself or herself as a player.
10,F,10,F,The product shall maintain a list of players.
10,PE,10,PE,The response time shall be fast enough to maintain the flow of the game. The response time shall be no more than 2 seconds for 95% of responses and no more than 4% for the remaining responses.
10,PE,10,PE,The response time shall be fast enough to maintain the flow of the game. The response time shall be no more than 2 seconds for 95% of responses and no more than 4% for the remaining responses.
10,F,10,F,The product shall allow a user to remove himself or herself from the list of players at any time.
11,MN,11,MN,The product shall be internet browser independent.The product must run using Internet Explorer and Netscape Navigator.
11,LF,11,LF,The interface shall be appealing to callers and supervisors. In the interface and usability survey  80% of beta testers must report that the interface is appealing.
11,LF,11,LF,The interface shall have a simple look. In the interface and usability survey  90% of beta testers must report that the interface is adequately simple.
11,SE,11,SE,The product shall ensure that only supervisors can view schedule of all callers.The product must ensure that supervisors are allowed to access advertise empty time slots.
11,A,11,A,The system must be available for use between 7:00AM and 11:59PM all days of the year.
11,SE,11,SE,The product shall ensure that only supervisors can advertise empty time slots.The product must ensure that supervisors are allowed to access advertise empty time slots.
11,PE,11,PE,On a 112k connection or faster  the system response time for all operations must be no more than 3 seconds 90% of the time.
11,PE,11,PE,On a 56k connection  the system response time for all operations must be no more than 6 seconds 90% of the time.
11,PE,11,PE,The system shall be responsive. At the DePaul TeleServices Center  when a supervisor uses the system to view a callers schedule  the system response time must be no more than 2 seconds 90% of the time and no more than 5 seconds the rest of the time.
11,US,11,US,The system shall be easy to learn by callers and supervisors. Callers and supervisors shall learn how to use the system within 10 minutes.
11,US,11,US,The system shall be easy to use by callers and supervisors. Callers and supervisors must be able to accomplish any system task within 2 minutes.
11,A,11,A,The system shall have high availability every day of the year.The system must be available for use between 12:00AM and 6:00PM all days of the year.
12,SE,12,SE,The product shall have audit capabilities.The product shall store messages for a minimum of one year for audit and transaction tracking purposes.
12,SE,12,SE,The product shall information Security. The product shall enable privacy by encryption WS-Security and Integrity Checking.
12,SE,12,SE,The product shall have security.The product shall provide authentication  and authorization.
12,MN,12,MN,The product shall operate with every platform.The product shall accommodate any new technology without any change in its architecture.
12,MN,12,MN,The product shall be updated on a regular basis.The product will have a new major feature introduced every six months and quarterly maintenance releases every six months.
12,O,12,O,The product shall interface CSR and Datastream.The product shall exchange messages between CSR and EAM on a real time basis without any direct interfaces between two systems.
12,O,12,O,The product shall be platform independent.The product shall enable access to any type of development environment and platform.
12,SC,12,SC,The product shall be able to process all transactions.The product shall process minimum of 1 million transactions per year.
12,FT,12,FT,The product shall be robust.The product shall have fault avoidance based on standards adoption.
12,FT,12,FT,The product shall be robust with fault tolerance.The product shall have fault tolerance by using recovery technique compensatory transaction and routing around failures.
12,PE,12,PE,The product shall provide Dynamic Change Support and Transparent resource addition.The product shall support Transparent Resource addition and Dynamic Change support to provide scalability and avoid service interruptions of more than 1 day.
12,A,12,A,The product shall be available 99% of the time. Rationale: To avoid service interruption during busiest customer service response periods. The product shall be available 99.99% of the time for regular business days.
12,LF,12,LF,The product shall comply with City of Chicago Application Development Guide Framework.Application Development Framework will provide structured Graphical User Interface.
12,US,12,US,The product shall provide Monitoring Services.The product shall be easy for System Administrators and DBAs to use after two weeks of usage.
12,US,12,US,The product shall provide Error Tracking Services.The product shall help the System Administrators and DBAs to resolve transaction errors 99% of the time.
12,LF,12,LF,The product shall provide GUI based Monitoring Services.System Administrators shall monitor message exchanges will predict and determine problems and will also provide internal and external support.
12,PE,12,PE,The product shall provide Asynchronous Messaging.The product shall provide asynchronous messaging to enable parallel processing and reduce the overhead in communications
12,PE,12,PE,The product shall provide Multi-threading and Load Balancing.The product shall provide multi-threading technology as well as load balancing to overcome data load spikes and traffic.
12,PE,12,PE,The product shall process messages within 2 seconds.The product shall have a maximum message processing time of 2 seconds
12,PE,12,PE,The product shall poll the system for messages every second.The product shall poll the system for new messages at a maximum of every 1 second.
12,US,12,US,The product shall provide Portals.The product shall help System Administrators to analyze the transactions with ad-hoc reporting and KPIs (Key Performance Indicators)
13,SE,13,SE,The system shall only be accessed by authorized Corporate Community Grants (CCR) employees. Users must be authenticated using their IBM intranet user name and password.
13,MN,13,MN,All changes  updates  and additions to the WCS system shall be updated in the WCS Developer and WCS User Guides. Every change must be reflected in WCS system documentation
13,MN,13,MN,The WCS system must run queries to the WCS databases once again (on a specified day) to update the available data available to CCR users. Queries must be made to external databases for data refresh once a week.
13,O,13,O,The Brio portion of the WCS system must be able to export files in spreadsheet form (Microsoft Excel and Lotus 1-2-3 formats).  Brio will provide buttons in the user interface that produce/export reports in .xls or .123 file formats.
13,O,13,O,The WCS system shall be run in a Windows environment. The WCS shall be accessed by users through the Internet on an IBM computer running a Windows 2000 or above operating system.
13,SC,13,SC,The WCS system shall have the ability to connect other designated WCS databases currently not included in the system.
13,US,13,US,The WCS system shall use appropriate nomenclature and terminology as defined by the Corporate Community Grants organization. All interfaces and reports will undergo usability tests by CCR users.
13,SC,13,SC,The WCS system shall have the ability to include data for regions outside the United States and be accessed by users outside of the United States if approved by CCR management.
13,US,13,US,A user shall be able to use the system without instruction after a short amount of time. After one use a user should understand and remember 90% of the system usage and navigation.
13,US,13,US,The interface shall be easy to use. 90% of users should be able to successfully use the system to generate a report on their first use. The interface should adhere to IBM usability standards.
13,US,13,US,The system must use a point and click interface. 100% of all selection and navigation functionality must be able to be activated/selected by either a mouse or a keyboard
13,LF,13,LF,The system interface will use CCR nomenclature. The system must use the same nomenclature used in the existing WCS system and reports
13,LF,13,LF,The system shall be displayable on any work computer a CCR user may have. The system interface shall be formatted to display at 800 by 600 pixel resolution.
13,LF,13,LF,The system shall use IBM and CCR branding standards. The interface must have one IBM logo and one CCR logo.
13,US,13,US,All CCR users shall receive training before the WCS system is deployed. One training session will be held for 100% of CCR users before system deployment (based on a CCR user being available)
14,MN,14,MN,New System version releases shall be released at the beginning of each NFL season.
14,MN,14,MN,Application updates shall occur between 3AM and 6 AM CST on Wednesday morning during the middle of the NFL season.
14,O,14,O,A secondary database will be used to store historical statistics and data.
14,O,14,O,A primary database will be used to store cached data for active users.
14,A,14,A,The application shall have a downtime of at most 10 minutes per year.
14,PE,14,PE,The application shall be able to complete every user transaction within one fourth of a second of receiving the request over the network.
14,US,14,US,The application shall ask the user to confirm dropping a player or trading a player before performing the action.
14,O,14,O,The application shall run on a web application server.
14,US,14,US,A new user shall be able to navigate through the league and team pages within 30 seconds of reaching the start-up page.
14,LF,14,LF,The message board shall contain the 5 most recently posted messages on the league page. The messages will contain up to the first 150 characters of the message.
14,LF,14,LF,Each page shall contain a similar format with action items in one location and navigation buttons in a different location.
14,LF,14,LF,Each page shall contain a navigation menu which shows the index into which the current page is contained.
14,SE,14,SE,The Commissioner will be the only authorized user per league to adjust league settings.
14,US,14,US,Users shall be able to view at least 25 NFL player statistics and points on each page.
15,PE,15,PE,The product interface should be fast. The response time of the product interface should not exceed 2 seconds 90% of the time. For 10% of the time  the response time should not be more than 10 seconds.not be more than 10 seconds.
15,US,15,US,The users should be able to easily use the system to successfully complete their budgets  within the stipulated time for completion. With a week of training prior to product implementation  98% of the users shall complete their budgets within the stipulated time.
15,LF,15,LF,The intranet pages should display appropriately in all resolutions  from 800x600 and higher. The display of all the pages will be correct in 95% of the resolutions  prior to implementation. The remaining 5% will be corrected within a week of notification of the incorrect display.
15,LF,15,LF,The product must comply with the intranet page standards and requirements of ENET Securities. 95% of the product look & feel will be approved by the Architecture group  prior to implementation. The remaining 5% will be corrected and approved within one month of product release.
15,SE,15,SE,User access should be limited to the permissions granted to their role(s) Each level in the PCG hierarchy will be assigned a role and users will be assigned to these roles. Access to functionality within RFS system is dependent on the privileges/permission assigned to the role..
15,SE,15,SE,Only authorized user shall access the RFS system. ONLY users that exist in the UAS system  with the RFS system assigned to their role(s)  shall access the RFS system and use it.
15,MN,15,MN,Changes to revenue and expense formulae must be applied to the RFS system  every year  prior to the budgeting process start. Revenue and expense formulae will be updated within one week of their receipt  after which 2 weeks will be allotted to testing of the budget calculations  to be conducted jointly by the project development team and PCG Finance.
15,O,15,O,98% of the user workstations shall meet the minimum software requirements prior to implementation: Microsoft Internet Explorer 5.0. Microsoft .NET Framework 1.1. Microsoft Internet Explorer Web Controls
15,O,15,O,98% of the user workstations shall meet the minimum hardware requirements prior to implementation. Minimum Hard Disk Space:  400MB.
15,A,15,A,The RFS system should be available 24/7  especially during the budgeting period. The RFS system shall be available 90% of the time all year  and 98% during the budgeting period. 2% of the time  the system will become available within 1 hour of the time that the situation is reported.
15,MN,15,MN,New branches/complexes/districts/regions and revenue/expense accounts added to the BDW  must be reflected in the RFS system. 100% of the entities (mentioned above) available as of October month-end  will be loaded into the RFS system  prior to the budget start process.
